Country,Mean temperature
Burkina Faso,28.29
Mali,28.25
Djibouti,28.0
Maldives,28.0
Senegal,27.85
Mauritania,27.65
Benin,27.55
Ghana,27.2
Kuwait,27.15
Niger,27.15
Qatar,27.15
Seychelles,27.15
Togo,27.15
Somalia,27.05
Nigeria,27.0
Sri Lanka,26.95
Sudan,26.9
Cambodia,26.8
Bahrain,26.8
Saint Vincent and the Grenadines,26.8
Guinea-Bissau,26.75
United Arab Emirates,26.65
Chad,26.55
Singapore,27.5
Thailand,26.3
Sierra Leone,26.05
Grenada,26.0
Barbados,26.0
Guyana,26.0
Indonesia,25.85
Antigua and Barbuda,25.85
Trinidad and Tobago,25.75
Guinea,25.7
Suriname,25.7
Oman,25.6
Philippines,25.55
Eritrea,25.5
Saint Lucia,25.5
Malaysia,25.4
Panama,25.4
Belize,25.35
Comoros,25.3
Venezuela,25.35
Liberia,25.3
Timor-Leste,25.25
Papua New Guinea,25.25
Cuba,25.2
Gabon,25.05
Bangladesh,25.0
Brazil,24.95
Jamaica,24.95
Central African Republic,24.9
Haiti,24.9
Nicaragua,24.9
Costa Rica,24.8
Kenya,24.75
Saudi Arabia,24.65
Cameroon,24.6
Dominican Republic,24.55
Equatorial Guinea,24.55
Colombia,24.5
Saint Kitts and Nevis,24.5
Vietnam,24.45
El Salvador,24.45
Fiji,24.4
Mozambique,23.8
Sao Tome and Principe,23.75
India,23.65
Paraguay,23.55
Honduras,23.5
Guatemala,23.45
Cabo Verde,23.3
Uganda,22.8
Madagascar,22.65
Algeria,22.5
Mauritius,22.4
Dominica,22.35
Ethiopia,22.2
Malawi,21.9
Ecuador,21.85
Libya,21.8
Australia,21.65
Angola,21.55
Bolivia,21.55
Botswana,21.5
Iraq,21.4
Zambia,21.4
Mexico,21.0
Zimbabwe,21.0
Pakistan,20.2
Namibia,19.95
Burundi,19.8
Peru,19.6
Israel,19.2
Malta,19.2
Tunisia,19.2
Cyprus,18.45
Jordan,18.3
Rwanda,17.85
South Africa,17.75
Uruguay,17.55
Morocco,17.1
Monaco,16.4
Greece,13.03
Portugal,12.15
Lebanon,12.0
Argentina,11.8
Italy,11.45
Spain,11.3
San Marino,10.9
New Zealand,10.74
Afghanistan,10.6
Uzbekistan,10.05
Azerbaijan,9.95
Lesotho,9.85
Albania,9.4
Japan,9.15
Croatia,10.9
France,10.7
Montenegro,10.55
Bulgaria,10.55
Serbia,10.55
Bosnia and Herzegovina,9.85
Hungary,9.75
Belgium,9.55
Ireland,9.3
Netherlands,9.25
Slovenia,8.9
Romania,8.8
Luxembourg,8.65
United States,8.55
United Kingdom,8.45
Chile,8.45
Germany,8.4
Ukraine,8.3
Nepal,8.1
Poland,7.85
Andorra,7.6
China,7.5
Bhutan,7.4
Armenia,7.15
Denmark,6.95
Tajikistan,6.4
Austria,6.35
Lithuania,6.2
Belarus,6.15
Liechtenstein,5.8
Georgia,5.65
Latvia,5.6
Kazakhstan,5.5
Switzerland,5.1
Estonia,2.0
Sweden,1.75
Mongolia,1.7
Finland,1.55
Norway,1.5
Iceland,-0.7
Canada,-5.1
Russia,-5.35
